{
  "uid": "baseline",
  "source": "diplexer_185g_087 scaled \u00d7 18.5/28.5",
  "scale_factor": 0.649123,
  "parameters": {
    "l_line2185g": 0.3894736842105263,
    "L4_g3185g": 0.5517543859649123,
    "L2_g3185g": 0.5063157894736843,
    "L7_g3185g": 0.5387719298245613,
    "L7_g4185g": 0.3375438596491228,
    "l_L5185g": 0.45166484210526314,
    "l_C4185g": 0.28981840350877197,
    "l_L3185g": 0.5834004210526316,
    "l_C2185g": 0.32745714035087725,
    "l_L1185g": 0.4328454736842105,
    "cx": 0.1298245614035088,
    "cy": -0.1298245614035088,
    "w_tapper": 0.0649122807017544,
    "h_tapper": 0.0649122807017544,
    "w_C4185g": 1.15,
    "w_C2185g": 1.05,
    "k_LPF": 0.96
  },
  "targets": {
    "crossing_GHz": "\u2265 28.5",
    "S31_at_29GHz_dB": "\u2264 -10",
    "S31_at_30GHz_dB": "\u2264 -10",
    "ripple_30_38GHz_dB": "\u2264 1",
    "S11_worst_29_43GHz_dB": "\u2264 -10"
  }
}